{"bounds": [[0, 100], [0, 80]], "out_bounds": [[-8, 108], [-8, 96]], "sequence_length": 19, "default_connectivity_radius": 9.75, "dim": 2, "dt": 0.001, "vel_mean": [-0.005382003942353712, -0.19692631055945828], "vel_std": [1.1217674352930012, 0.9402203280658701], "scalar_vel_mean": [0.3740936610861313, 0.3144486464984243], "scalar_vel_std": [1.0575656374684101, 0.907698345149156], "acc_mean": [-0.005678689989702473, -0.19675242588046007], "acc_std": [1.1215650899443885, 0.9403739364584385], "height_mean": 35.77879042211004, "height_std": 35.86011286815709, "heat_mean": [12732.664916457017, 25.14536962728929, 3911.962708235508, 1610072.8609135086], "heat_std": [46978.98488790532, 437.90556207271715, 54526.430384313404, 5343525.452492842], "V_mean": 0.5409240303526944, "V_std": 1.3742585547483155, "scalar_acc_mean": [0.2607378620254872, 0.35851188460778294], "scalar_acc_std": [0.7326106250996995, 0.9526135130587671]}