{"bounds": [[0, 100], [0, 80]], "out_bounds": [[-8, 108], [-8, 96]], "sequence_length": 19, "default_connectivity_radius": 9.75, "dim": 2, "dt": 0.001, "vel_mean": [-0.003620266198536896, -0.20351977097348403], "vel_std": [1.137979629723898, 0.9556164385022349], "scalar_vel_mean": [0.4017133174288304, 0.3412034545505716], "scalar_vel_std": [1.064723980477346, 0.9155344216749512], "acc_mean": [-0.0039520983830488255, -0.2033207741596718], "acc_std": [1.1377849869610985, 0.9557395667508362], "height_mean": 35.9706586627747, "height_std": 35.822483453508596, "heat_mean": [10196.781574615808, 3846.0667533471274, 2802.9504985677195, 1183753.0782985175], "heat_std": [40513.30180230015, 25307.94823491944, 41513.4395669899, 4562223.234531896], "V_mean": 0.582114088597682, "V_std": 1.3823085786256841}